{
  "IcoMoonType": "selection",
  "icons": [
    {
      "icon": {
        "paths": [
          "M1002.667 512c0 270.988-219.679 490.667-490.667 490.667s-490.667-219.679-490.667-490.667c0-270.988 219.679-490.667 490.667-490.667s490.667 219.679 490.667 490.667z",
          "M682.667 375.71l-34.377-34.377-136.29 136.29-136.29-136.29-34.377 34.377 136.29 136.29-136.29 136.29 34.377 34.377 136.29-136.29 136.29 136.29 34.377-34.377-136.29-136.29 136.29-136.29z"
        ],
        "attrs": [
          {
            "opacity": 0.1,
            "strokeLinejoin": "miter",
            "strokeLinecap": "butt",
            "strokeMiterlimit": "4",
            "strokeWidth": 42.666666666666664
          },
          {}
        ],
        "grid": 0,
        "tags": [
          "close"
        ]
      },
      "attrs": [
        {
          "opacity": 0.1,
          "strokeLinejoin": "miter",
          "strokeLinecap": "butt",
          "strokeMiterlimit": "4",
          "strokeWidth": 42.666666666666664
        },
        {}
      ],
      "properties": {
        "order": 15,
        "id": 0,
        "name": "menu-close",
        "prevSize": 32
      },
      "setIdx": 0,
      "setId": 2,
      "iconIdx": 0
    }
  ],
  "height": 1024,
  "preferences": {
    "showGlyphs": true,
    "showQuickUse": true,
    "showQuickUse2": true,
    "showSVGs": true,
    "fontPref": {
      "prefix": "icon-",
      "metadata": {
        "fontFamily": "icomoon"
      },
      "metrics": {
        "emSize": 1024,
        "baseline": 6.25,
        "whitespace": 50
      },
      "embed": false
    },
    "imagePref": {
      "prefix": "icon-",
      "png": true,
      "useClassSelector": true,
      "color": 0,
      "bgColor": 16777215,
      "classSelector": ".icon",
      "name": "icomoon"
    },
    "historySize": 50,
    "showCodes": true,
    "gridSize": 16
  }
}